Metric,Value
Accuracy (Default),0.8212290502793296
Accuracy (Tuned),0.8100558659217877
